,freq_oracle,info,mse,average_error,k_mse,k_average_error,median_abs_deviation,max_error,max_item,min_error,client_time,server_init_time,server_agg_time,server_est_time,server_time,total_time
0,Multi-PCMS-Mean,e=2,0.5554313604444856,0.5957292089999869,0.4443851842,0.555006,0.4999,2.9893,764,0.0,0.0,0.0007522106170654298,6.257495164871216,2.50984001159668,8.768087387084961,8.768087387084961
1,Multi-PCMS-Mean,e=4,0.222732629484788,0.3916679259999951,0.132784192,0.284884,0.358,1.7480000000000002,25817,0.0,0.0,0.0006716251373291018,5.524008512496948,1.3409066200256348,6.865586757659912,6.865586757659912
2,Multi-PCMS-Mean,e=8,0.18176209497591084,0.3916582710000045,0.11816763519999998,0.3004200000000001,0.3877,1.1464,54036,0.0001,0.0,0.0007140636444091798,5.9103753566741934,2.6716434955596924,8.582732915878296,8.582732915878296
3,Multi-PCMS-Mean,e=16,0.16483272864401144,0.3905145200000391,0.09282788780000004,0.275558,0.3829,0.9645,52229,0.0048,0.0,0.0007741451263427732,5.574264049530028,2.640799760818481,8.215837955474854,8.215837955474854
4,Multi-PCMS-Mean,e=32,0.14915879855670713,0.3753849590000016,0.07204658439999999,0.248324,0.3622,0.8787,40554,0.036000000000000004,0.0,0.0007548332214355469,5.8568079471588135,1.4414372444152832,7.299000024795532,7.299000024795532
5,Multi-PCMS-Mean,e=64,0.1488472209895985,0.3769581820000028,0.07657848379999999,0.25393000000000004,0.3617,0.8661,40554,0.0019,0.0,0.00079345703125,5.230489730834961,1.3288917541503906,6.5601749420166025,6.5601749420166025
6,Multi-PCMS-Mean,e=128,0.14922959646920025,0.37789236199999854,0.0741606184,0.251624,0.3602,0.8755,81621,0.0003,0.0,0.0007197856903076173,5.040932655334473,1.343348264694214,6.385000705718994,6.385000705718994
7,Multi-PCMS-Mean,e=2,0.5262549757673766,0.5783151819999821,0.3987874882000002,0.473594,0.4869,3.1367,20992,0.0,0.0,0.0007402896881103518,6.519460439682008,2.339676856994629,8.859877586364746,8.859877586364746
8,Multi-PCMS-Mean,e=4,0.23632551994368506,0.40239585499999775,0.13451184319999998,0.29650799999999994,0.3654,1.7735,11148,0.0,0.0,0.005140066146850586,5.030249357223512,1.3306748867034912,6.3660643100738525,6.3660643100738525
9,Multi-PCMS-Mean,e=8,0.1840138568056076,0.3916263659999975,0.12223975100000002,0.302014,0.3876,1.1365,20568,0.0,0.0,0.005141973495483398,4.955746650695801,1.3236823081970217,6.2845709323883066,6.2845709323883066
10,Multi-PCMS-Mean,e=16,0.15533542401491454,0.3774112130000324,0.0836716314,0.26214999999999994,0.37,0.9884,86521,0.0017,0.0,0.005162239074707031,4.589401721954347,2.0655717849731445,6.660135746002197,6.660135746002197
11,Multi-PCMS-Mean,e=32,0.15320510643710836,0.3808112250000033,0.07890178759999998,0.25768,0.3685,0.905,41270,0.0078,0.0,0.004934787750244141,4.599953889846802,1.5527493953704834,6.157638072967527,6.157638072967527
12,Multi-PCMS-Mean,e=64,0.150753667513196,0.37989918799999706,0.07358627499999998,0.25048200000000004,0.3638,0.8518,81621,0.0064,0.0,0.0007305145263671875,4.677348613739014,2.258488178253174,6.936567306518555,6.936567306518555
13,Multi-PCMS-Mean,e=128,0.14945530978169874,0.3781888610000048,0.0738843072,0.2513520000000001,0.3609,0.8579,81621,0.0075,0.0,0.0007565021514892577,5.533428907394409,1.4051806926727295,6.939366102218628,6.939366102218628
14,Multi-PCMS-Mean,e=2,0.5910823509477866,0.6154933459999959,0.4570419266000002,0.5590660000000001,0.5252,3.0471,16664,0.0,0.0,0.0008575916290283202,4.8196446895599365,2.17089319229126,6.991395473480225,6.991395473480225
15,Multi-PCMS-Mean,e=4,0.2571910307530837,0.4244639889999953,0.1820345372,0.35890799999999984,0.391,1.8374,15708,0.0,0.0,0.0007736682891845702,5.544121265411377,1.7904572486877441,7.335352182388306,7.335352182388306
16,Multi-PCMS-Mean,e=8,0.16755569533161474,0.3713377959999976,0.09736443240000002,0.2703720000000001,0.3653,1.1848,37337,0.0,0.0,0.0008072853088378906,6.404778242111206,1.9396748542785645,8.345260381698607,8.345260381698607
17,Multi-PCMS-Mean,e=16,0.15917349496381453,0.3819976540000349,0.10191099499999998,0.28794200000000003,0.3733,0.9659,97050,0.0013,0.0,0.0007588863372802732,5.773728847503662,1.40181565284729,7.176303386688232,7.176303386688232
18,Multi-PCMS-Mean,e=32,0.15276395014940733,0.3806041180000017,0.08281509919999998,0.26231600000000005,0.3688,0.8761,61796,0.0223,0.0,0.0007803440093994143,4.71076226234436,1.3476314544677734,6.059174060821532,6.059174060821532
19,Multi-PCMS-Mean,e=64,0.1493848695606975,0.37780158099999617,0.07391839379999998,0.25092600000000004,0.361,0.9114,81621,0.0018,0.0,0.0007393360137939452,6.017807960510254,2.446262836456299,8.464810132980348,8.464810132980348
20,Multi-PCMS-Mean,e=128,0.15040705292320036,0.37933519200000143,0.07562770179999999,0.2541820000000001,0.36200000000000004,0.8867,81621,0.0006,0.0,0.0007572174072265625,4.769808769226074,1.3656611442565918,6.136227130889893,6.136227130889893
21,Multi-PCMS-Mean,e=2,0.692878117632896,0.6783532569999889,0.670380909,0.7044779999999999,0.5895,3.2388,26701,0.0,0.0,0.00078582763671875,6.377004146575928,2.0308656692504883,8.408655643463135,8.408655643463135
22,Multi-PCMS-Mean,e=4,0.2604525331838829,0.4308612689999935,0.1843390064,0.3336080000000001,0.4038,1.7282,6322,0.0,0.0,0.0007786750793457031,5.967288494110107,2.440548181533813,8.408615350723268,8.408615350723268
23,Multi-PCMS-Mean,e=8,0.1894823808065033,0.395635807000004,0.1101127114,0.2989340000000001,0.3879,1.3033,31115,0.0,0.0,0.001011371612548828,4.8278114795684814,2.2693328857421875,7.098155736923218,7.098155736923218
24,Multi-PCMS-Mean,e=16,0.15630425264421374,0.3792319920000397,0.0902027484,0.272008,0.3732,0.9964,49474,0.0046,0.0,0.0009701251983642578,6.836646318435669,1.976158618927002,8.813775062561035,8.813775062561035
25,Multi-PCMS-Mean,e=32,0.15169548291830545,0.3797310390000025,0.07359736840000003,0.248296,0.3669,0.8761,61796,0.0335,0.0,0.0007703304290771482,8.162832260131836,2.5709660053253174,10.73456859588623,10.73456859588623
26,Multi-PCMS-Mean,e=64,0.1523702269807001,0.3813355929999952,0.0787884662,0.260094,0.3651,0.8767,81621,0.0027,0.0,0.00096893310546875,7.7025439739227295,1.369598388671875,9.073111295700071,9.073111295700071
27,Multi-PCMS-Mean,e=128,0.15030711657829882,0.3794029730000006,0.07566690639999997,0.2536760000000001,0.3622,0.8891,81621,0.0025,0.0,0.0009527206420898438,5.7951576709747314,1.6764748096466064,7.472585201263428,7.472585201263428
28,Multi-PCMS-Mean,e=2,0.4933086757637845,0.5655652419999961,0.4512818754,0.545902,0.4868,2.8039,70174,0.0,0.0,0.0009517669677734377,7.211232423782349,2.3745524883270264,9.586736679077148,9.586736679077148
29,Multi-PCMS-Mean,e=4,0.2259896675724889,0.3917251169999948,0.1337243382,0.28976199999999996,0.3525,1.7864,54346,0.0,0.0,0.0009946823120117188,7.874715089797974,1.8758549690246584,9.751564741134645,9.751564741134645
30,Multi-PCMS-Mean,e=8,0.14581366109551275,0.3417723809999968,0.07871169959999999,0.247908,0.3366,1.0729,36731,0.0,0.0,0.0008301734924316406,4.590928316116333,1.4720284938812256,6.06378698348999,6.06378698348999
31,Multi-PCMS-Mean,e=16,0.1549345962198145,0.3780169420000369,0.076253095,0.24757,0.3715,0.9293,45678,0.0001,0.0,0.0009250640869140623,8.530854225158691,2.647801160812378,11.179580450057983,11.179580450057983
32,Multi-PCMS-Mean,e=32,0.150551915376509,0.3780064310000051,0.0748553632,0.2502800000000001,0.3655,0.9228,81621,0.0183,0.0,0.003374576568603516,5.821607828140259,1.425788640975952,7.2507710456848145,7.2507710456848145
33,Multi-PCMS-Mean,e=64,0.15085726530429655,0.3797049409999971,0.0772997518,0.256402,0.3639,0.8914,81621,0.0035,0.0,0.0008709430694580077,5.2461116313934335,2.2927284240722656,7.539710998535156,7.539710998535156
34,Multi-PCMS-Mean,e=128,0.15031126421859795,0.3794727900000027,0.0748084564,0.252316,0.3618,0.8718,81621,0.004,0.0,0.0012040138244628904,6.6939659118652335,1.91431188583374,8.609481811523438,8.609481811523438
35,Multi-PCMS-Mean,e=2,0.5402853253383877,0.5900689479999887,0.3935070786,0.4856780000000001,0.4999,3.188,79850,0.0,0.0,0.001270294189453125,6.466658592224121,1.5614054203033447,8.029334306716919,8.029334306716919
36,Multi-PCMS-Mean,e=4,0.2286921875491868,0.3995664959999937,0.17744240600000002,0.3508640000000001,0.3655,1.6199,42595,0.0,0.0,0.0006823539733886719,8.790682792663574,1.6840298175811768,10.475394964218141,10.475394964218141
37,Multi-PCMS-Mean,e=8,0.1478752155928133,0.3430205899999966,0.0994318888,0.26447200000000004,0.3363,1.3002,29949,0.0,0.0,0.0021169185638427734,5.779804706573486,2.7247393131256104,8.506660938262941,8.506660938262941
38,Multi-PCMS-Mean,e=16,0.14791550234741335,0.3678413520000329,0.08670811639999998,0.2671880000000001,0.3619,0.9163,61796,0.0016,0.0,0.004395961761474609,4.8150739669799805,1.4387159347534182,6.258185863494872,6.258185863494872
39,Multi-PCMS-Mean,e=32,0.15166128668160653,0.3787889280000008,0.078505375,0.2553780000000001,0.3663,0.9285,81080,0.0029,0.0,0.0007503032684326173,4.884195566177368,1.4444694519042969,6.329415321350098,6.329415321350098
40,Multi-PCMS-Mean,e=64,0.1487299934816966,0.3769525410000016,0.07208582120000001,0.247888,0.3607,0.8881,81621,0.0011,0.0,0.010273218154907228,6.583808183670044,1.4452528953552246,8.039334297180176,8.039334297180176
41,Multi-PCMS-Mean,e=128,0.14865605838010065,0.377235136999999,0.07328097780000001,0.24946600000000005,0.3596,0.8694,81621,0.0006,0.0,0.010650396347045898,4.489985704421997,1.5280747413635254,6.028710842132568,6.028710842132568
42,Multi-PCMS-Mean,e=2,0.5560342126674904,0.6023679609999854,0.4941810754,0.537346,0.5242,2.8934,72907,0.0,0.0,0.003827810287475586,4.9611124992370605,2.7056405544281006,7.670580863952638,7.670580863952638
43,Multi-PCMS-Mean,e=4,0.24860382078798315,0.4155823659999966,0.1788074834,0.331798,0.3783,1.652,63904,0.0,0.0,0.0005168914794921875,7.992680549621582,1.3573341369628906,9.350531578063963,9.350531578063963
44,Multi-PCMS-Mean,e=8,0.15896690637651464,0.3623594070000034,0.07976884320000001,0.2439880000000001,0.3591,1.0664,73522,0.0,0.0,0.0007040500640869143,7.002716302871704,1.9597516059875488,8.96317195892334,8.96317195892334
45,Multi-PCMS-Mean,e=16,0.16302429287311404,0.38715560500004004,0.09279043919999998,0.2749000000000001,0.3794,0.9852,81621,0.0,0.0,0.0010478496551513672,4.669846296310425,1.3937859535217283,6.064680099487305,6.064680099487305
46,Multi-PCMS-Mean,e=32,0.1555201263354093,0.3840263860000047,0.08524853939999996,0.265638,0.3712,0.9157,40554,0.0078,0.0,0.003030538558959961,6.4784462451934814,1.7872145175933838,8.268691301345825,8.268691301345825
47,Multi-PCMS-Mean,e=64,0.1491268907974955,0.3773460229999958,0.0740865684,0.252236,0.3607,0.8734,81621,0.0019,0.0,0.002635002136230469,8.042896270751951,1.3998289108276367,9.44536018371582,9.44536018371582
48,Multi-PCMS-Mean,e=128,0.15078763146519866,0.37992608,0.07613804079999999,0.2555080000000001,0.3622,0.8876,81621,0.0109,0.0,0.0007832050323486327,4.527037143707275,1.41513991355896,5.942960262298584,5.942960262298584
49,Multi-PCMS-Mean,e=2,0.5677091825522954,0.6021729589999972,0.5202441794000001,0.5944340000000001,0.5123,3.2772,24282,0.0,0.0,0.0003211498260498047,4.728159189224243,1.8709328174591064,6.599413156509399,6.599413156509399
50,Multi-PCMS-Mean,e=4,0.25081904637178576,0.41463952199998894,0.2402043592,0.4031119999999999,0.3771,1.7031,65952,0.0,0.0,0.00246429443359375,6.20101261138916,1.7463455200195312,7.949822425842285,7.949822425842285
51,Multi-PCMS-Mean,e=8,0.17628527865371094,0.38114374500000536,0.11904946640000005,0.279748,0.3782,1.1145,36569,0.0,0.0,0.001852035522460937,6.546984434127808,1.3666744232177734,7.915510892868043,7.915510892868043
52,Multi-PCMS-Mean,e=16,0.15553853383861255,0.3779746880000365,0.08225273840000001,0.261164,0.3714,1.0141,61796,0.0,0.0,0.0007052421569824219,5.630252838134768,1.9165945053100584,7.5475525856018075,7.5475525856018075
53,Multi-PCMS-Mean,e=32,0.15231600439990944,0.3807660850000068,0.07482528960000001,0.252128,0.3694,0.871,7173,0.0037,0.0,0.0002913475036621094,4.66447639465332,1.42332124710083,6.0880889892578125,6.0880889892578125
54,Multi-PCMS-Mean,e=64,0.15149802246579727,0.3804965860000042,0.0773055188,0.2565560000000001,0.3637,0.8562,61796,0.0067,0.0,0.0006375312805175781,7.276254415512085,1.5670733451843262,8.84396529197693,8.84396529197693
55,Multi-PCMS-Mean,e=128,0.15032434630189795,0.3795364530000008,0.07358227540000001,0.2499460000000001,0.3624,0.8659,81621,0.0022,0.0,0.0009374618530273438,5.415131330490112,2.4233057498931885,7.839374542236327,7.839374542236327
56,Multi-PCMS-Mean,e=2,0.6066678324987839,0.6323183659999894,0.3417923138,0.4735580000000001,0.551,2.9063,85025,0.0,0.0,0.00360870361328125,4.405510425567627,1.385080099105835,5.794199228286742,5.794199228286742
57,Multi-PCMS-Mean,e=4,0.2717719375476802,0.4445646109999983,0.20429168339999992,0.3728100000000001,0.4229,1.7736,16230,0.0,0.0,0.0008862018585205078,6.211334943771362,1.3325135707855225,7.544734716415405,7.544734716415405
58,Multi-PCMS-Mean,e=8,0.1778019150738123,0.3872450100000074,0.1024562326,0.2848660000000001,0.3846,1.1108,35902,0.0,0.0,0.0008673667907714844,4.964927673339844,1.3438544273376465,6.309649467468263,6.309649467468263
59,Multi-PCMS-Mean,e=16,0.15986607777431502,0.3838324030000391,0.08894761919999995,0.268216,0.3777,0.9355,49440,0.0033,0.0,0.000949859619140625,6.706525802612305,1.3287403583526611,8.036216020584106,8.036216020584106
60,Multi-PCMS-Mean,e=32,0.1546086009378078,0.3828625019999957,0.08061411179999999,0.260482,0.3712,0.9156,81621,0.0091,0.0,0.0004055500030517578,5.477106094360352,1.3581874370574951,6.8356990814208975,6.8356990814208975
61,Multi-PCMS-Mean,e=64,0.1481994091829983,0.37609119400000496,0.0726179196,0.2487799999999999,0.3594,0.8779,81621,0.0157,0.0,0.0008518695831298827,4.835179328918457,1.3400108814239502,6.176042079925537,6.176042079925537
62,Multi-PCMS-Mean,e=128,0.14950420218800012,0.3782177799999973,0.07432919880000001,0.25160800000000005,0.3608,0.8655,61796,0.0033,0.0,0.0006468296051025393,4.8476312160491934,1.3558471202850342,6.204125165939331,6.204125165939331
63,Multi-PCMS-Mean,e=2,0.5309976784072772,0.5842959869999856,0.3503917121999999,0.476314,0.4997,3.1623,30041,0.0,0.0,0.00026798248291015625,4.642378330230713,1.6067583560943604,6.249404668807983,6.249404668807983
64,Multi-PCMS-Mean,e=4,0.2543317047779843,0.4216019339999992,0.15450518779999994,0.309746,0.3908,1.818,82469,0.0,0.0,0.0008630752563476562,4.408762693405151,1.3667795658111572,5.776405334472656,5.776405334472656
65,Multi-PCMS-Mean,e=8,0.15485776861021694,0.3542552180000008,0.09742787120000004,0.25764399999999993,0.3493,1.1561,28843,0.0,0.0,0.00046515464782714844,4.9867939949035645,1.342982530593872,6.330241680145264,6.330241680145264
66,Multi-PCMS-Mean,e=16,0.16153732466751206,0.3876179830000383,0.07731114339999999,0.248414,0.3824,0.9804,81621,0.0055,0.0,0.001195669174194336,4.615878343582153,1.3429532051086426,5.96002721786499,5.96002721786499
67,Multi-PCMS-Mean,e=32,0.15504716042430988,0.3839024049999993,0.07566537959999999,0.25397600000000004,0.3719,0.9067,61796,0.0037,0.0,0.003560304641723633,4.9839184284210205,1.333369255065918,6.320847988128662,6.320847988128662
68,Multi-PCMS-Mean,e=64,0.1486910379076991,0.37665650500000025,0.07352335340000002,0.25037400000000004,0.3603,0.8967,81621,0.0022,0.0,0.006902933120727539,5.397322177886963,1.3271899223327637,6.731415033340454,6.731415033340454
69,Multi-PCMS-Mean,e=128,0.15100814021860062,0.3801481760000009,0.0761340824,0.25544,0.3626,0.8802,81621,0.0102,0.0,0.0002734661102294922,4.30205512046814,1.3343868255615234,5.636715412139893,5.636715412139893
0,Multi-PCMS-Min,e=2,7.869805486842118,2.3957547699999684,8.5683674178,2.546606,2.2137,6.6054,60,0.0121,0.0,0.0011680126190185,9.647789239883425,2.251060009002685,11.900017261505129,11.900017261505129
1,Multi-PCMS-Min,e=4,2.2260690772937544,1.214322600000044,2.4435941442,1.3182779999999996,1.0363,4.3426,161,0.0005,0.0,0.0013766288757324,9.93716049194336,2.381829261779785,12.320366382598875,12.320366382598875
2,Multi-PCMS-Min,e=8,0.2857859994057651,0.4226038620000102,0.3653154370000001,0.4911379999999999,0.3457,1.4723,336,0.0,0.0,0.0012519359588623,8.782389163970947,2.169987678527832,10.953628778457642,10.953628778457642
3,Multi-PCMS-Min,e=16,0.0617305161171016,0.1962232290000032,0.0619098154,0.1947059999999999,0.1663,0.9027,24246,0.0,0.0,0.0016748905181884,11.532509088516235,3.5770537853240967,15.11123776435852,15.11123776435852
4,Multi-PCMS-Min,e=32,0.0447225434213,0.1835371670000108,0.0214940217999999,0.11855,0.1797,0.7686,41270,0.0002,0.0,0.0016329288482666,9.329707145690918,2.4415171146392822,11.772857189178469,11.772857189178469
5,Multi-PCMS-Min,e=64,0.0570144468633023,0.227478961000025,0.02844105,0.1428,0.2274,0.8827,81621,0.0008,0.0,0.001352310180664,11.436678647994995,3.565007209777832,15.003038167953491,15.003038167953491
6,Multi-PCMS-Min,e=128,0.0687883300378043,0.2579397979999854,0.038707819,0.182218,0.2578,0.7555,81621,0.0115,0.0,0.0012950897216796,8.519736528396606,2.173331022262573,10.69436264038086,10.69436264038086
7,Multi-PCMS-Min,e=2,7.86934478873085,2.3650743419999283,10.4157150274,2.741458,2.1636,7.4446,48,0.0094,0.0,0.0015175342559814,10.819888353347778,2.914954900741577,13.736360788345335,13.736360788345335
8,Multi-PCMS-Min,e=4,1.6345952536012514,1.0601700299999353,2.1354129473999994,1.281414,0.9593,2.967,140,0.0017,0.0,0.0056054592132568,12.008289098739624,2.7919204235076904,14.805814981460571,14.805814981460571
9,Multi-PCMS-Min,e=8,0.2383831839690065,0.387207533999994,0.463007341,0.5654499999999999,0.3325,1.6682,92,0.0,0.0,0.0054278373718261,9.31899905204773,2.790132522583008,12.114559412002563,12.114559412002563
10,Multi-PCMS-Min,e=16,0.0529377965389978,0.1802579659999938,0.054832873,0.179666,0.1414,0.9541,36049,0.0,0.0,0.0054507255554199,10.93609070777893,2.74390721321106,13.68544864654541,13.68544864654541
11,Multi-PCMS-Min,e=32,0.0361980093244002,0.1575212100000029,0.0296252558,0.1430899999999999,0.1437,0.7688,37034,0.0,0.0,0.0088319778442382,11.509334325790403,2.670072317123413,14.188238620758057,14.188238620758057
12,Multi-PCMS-Min,e=64,0.0574322611262972,0.2286675950000173,0.0238677266,0.131874,0.2259,0.8491,81621,0.0071,0.0,0.0077948570251464,10.713653326034546,2.736869096755981,13.458317279815674,13.458317279815674
13,Multi-PCMS-Min,e=128,0.0675234120164091,0.2556441320000039,0.0338035332,0.168636,0.2522,0.7755,83146,0.0003,0.0,0.0012462139129638,8.329843759536743,2.1146483421325684,10.445738315582275,10.445738315582275
14,Multi-PCMS-Min,e=2,7.828268498478315,2.364356492000028,6.623395744200001,2.091506,2.265,7.0423,267,0.0121,0.0,0.0013229846954345,12.129459857940674,3.629304885864258,15.760087728500366,15.760087728500366
15,Multi-PCMS-Min,e=4,2.0716487425993804,1.164137754000016,2.2157657154000003,1.2275059999999998,1.0362,3.5268,33,0.0007,0.0,0.0012569427490234,12.68306303024292,3.0388262271881104,15.723146200180054,15.723146200180054
16,Multi-PCMS-Min,e=8,0.2797434034633659,0.4264105480000087,0.4442712642000001,0.5736579999999999,0.3834,1.7717,256,0.0,0.0,0.0012764930725097,11.910942316055298,3.531390190124512,15.44360899925232,15.44360899925232
17,Multi-PCMS-Min,e=16,0.0503082874475019,0.1850748090000053,0.0791686925999999,0.228494,0.1606,0.9414,97596,0.0002,0.0,0.0013341903686523,8.264099836349487,2.067265748977661,10.3326997756958,10.3326997756958
18,Multi-PCMS-Min,e=32,0.0436525852326012,0.1773697840000024,0.0259914255999999,0.132968,0.167,0.8039,86521,0.0003,0.0,0.0012147426605224,12.250959634780884,3.057860851287842,15.310035228729248,15.310035228729248
19,Multi-PCMS-Min,e=64,0.0597047456258968,0.2331859090000063,0.0281091206,0.144898,0.2404,0.8057,41270,0.0025,0.0,0.0012674331665039,8.730942249298096,2.1282315254211426,10.860441207885742,10.860441207885742
20,Multi-PCMS-Min,e=128,0.0661040513904058,0.2525739919999946,0.0329272232,0.1666799999999999,0.2473,0.7568,7173,0.0198,0.0,0.0011451244354248,41.31953287124634,1.751567840576172,43.072245836257935,43.072245836257935
21,Multi-PCMS-Min,e=2,8.613751066977319,2.4700198080000533,9.959973587399997,2.644562,2.2649,8.2858,172,0.0004,0.0,0.001249074935913,26.92800545692444,2.0075905323028564,28.936845064163208,28.936845064163208
22,Multi-PCMS-Min,e=4,1.7237167620042912,1.091475435999999,1.3679461442000005,0.9875660000000002,0.9849,3.1123,69,0.0012,0.0,0.0012311935424804,12.133594274520874,2.443272590637207,14.578098058700562,14.578098058700562
23,Multi-PCMS-Min,e=8,0.2963434436041441,0.4354372900000136,0.3728151618,0.480058,0.3583,1.5199,70,0.0,0.0,0.0015070438385009,10.111411094665527,2.72617769241333,12.839095830917358,12.839095830917358
24,Multi-PCMS-Min,e=16,0.0567583132166976,0.1942202969999975,0.057891496,0.197092,0.1735,0.9926,97142,0.0,0.0,0.0015187263488769,12.174736738204956,3.6602842807769775,15.83653974533081,15.83653974533081
25,Multi-PCMS-Min,e=32,0.0412248965867026,0.1732181809999981,0.0305584395999999,0.14576,0.1605,0.8036,7173,0.0002,0.0,0.0015273094177246,10.070971488952637,2.551843881607056,12.624342679977415,12.624342679977415
26,Multi-PCMS-Min,e=64,0.0530117946296005,0.2180381680000128,0.0276024367999999,0.137636,0.2145,0.7978,81621,0.0057,0.0,0.001504898071289,11.247130870819092,3.3227288722991943,14.571364641189575,14.571364641189575
27,Multi-PCMS-Min,e=128,0.0678197896080004,0.2554540780000004,0.0352322492,0.173528,0.2553,0.7989,81621,0.0083,0.0,0.0015151500701904,12.262991189956663,3.300084114074707,15.564590454101562,15.564590454101562
28,Multi-PCMS-Min,e=2,7.622989660001645,2.32567317600001,7.944171629000001,2.526930000000001,2.1139,6.6927,67,0.0032,0.0,0.0015017986297607,12.188330173492432,2.7542648315429688,14.94409680366516,14.94409680366516
29,Multi-PCMS-Min,e=4,1.614313217582076,1.0348903180000026,1.9897553986000005,1.20657,0.9082,3.4212,66,0.0009,0.0,0.0015244483947753,9.882891416549684,2.649256467819214,12.533672332763672,12.533672332763672
30,Multi-PCMS-Min,e=8,0.3278893903305571,0.4596824580000139,0.3880156738,0.5249140000000001,0.3961,1.6263,290,0.0,0.0,0.0012719631195068,10.16564679145813,2.4124224185943604,12.579341173171995,12.579341173171995
31,Multi-PCMS-Min,e=16,0.0527117221197005,0.1854245789999946,0.0867457693999999,0.22979,0.1467,0.8903,15813,0.0,0.0,0.001115083694458,11.34546160697937,2.815951347351074,14.162528038024902,14.162528038024902
32,Multi-PCMS-Min,e=32,0.0380694763386989,0.1646049970000014,0.026123722,0.135676,0.1604,0.7239,20660,0.0002,0.0,0.0018885135650634,9.887232303619385,2.775590658187866,12.664711475372314,12.664711475372314
33,Multi-PCMS-Min,e=64,0.0603753199101999,0.2330638920000001,0.0309070449999999,0.15657,0.2354,0.7257,81621,0.0112,0.0,0.0010473728179931,8.388698816299438,2.4194653034210205,10.809211492538452,10.809211492538452
34,Multi-PCMS-Min,e=128,0.0673074509256031,0.2549319340000097,0.0343539246,0.1677179999999999,0.2536,0.7708,81621,0.0029,0.0,0.0010290145874023,8.370819807052612,2.3454532623291016,10.717302083969116,10.717302083969116
35,Multi-PCMS-Min,e=2,8.322532524693415,2.453905673999816,9.503164320200002,2.605134,2.3675,6.7169,21,0.0004,0.0,0.0007543563842773,8.442649126052856,2.369550943374634,10.812954425811768,10.812954425811768
36,Multi-PCMS-Min,e=4,1.8665873681354463,1.108848656000006,2.451164576199999,1.2790099999999998,0.985,4.5106,6,0.0012,0.0,0.0009009838104248,9.185782194137571,2.236804246902466,11.423487424850464,11.423487424850464
37,Multi-PCMS-Min,e=8,0.2909971313609785,0.4199277360000042,0.3216686146000001,0.4179299999999999,0.3207,1.8103,15,0.0,0.0,0.001239538192749,8.349020004272461,2.315331220626831,10.66559076309204,10.66559076309204
38,Multi-PCMS-Min,e=16,0.0586196547630998,0.1906616489999943,0.0648626102,0.188954,0.1594,1.0438,37339,0.0,0.0,0.0009918212890625,9.714287519454956,2.6563072204589844,12.371586561203005,12.371586561203005
39,Multi-PCMS-Min,e=32,0.0414024672137014,0.1762706490000041,0.0262067338,0.1263579999999999,0.1636,0.8295,86521,0.0,0.0,0.0010147094726562,8.160601615905762,2.3582868576049805,10.519903182983398,10.519903182983398
40,Multi-PCMS-Min,e=64,0.0620941338715046,0.2392944670000097,0.0316814596,0.15872,0.234,0.7993,83146,0.0003,0.0,0.0013947486877441,10.386042356491089,2.71703577041626,13.104472875595093,13.104472875595093
41,Multi-PCMS-Min,e=128,0.0676250530641054,0.2552349549999881,0.0329119441999999,0.1641299999999999,0.2553,0.7998,81621,0.0236,0.0,0.0007770061492919,11.503615617752075,2.6431214809417725,14.14751410484314,14.14751410484314
42,Multi-PCMS-Min,e=2,8.005829692360365,2.399146329999811,8.479981677,2.600129999999999,2.265,6.1473,114,0.0121,0.0,0.009803295135498,11.861675024032593,3.4083898067474365,15.279868125915527,15.279868125915527
43,Multi-PCMS-Min,e=4,1.9161066815946832,1.109575038000027,2.321352301,1.271994,1.0106,4.6542,65,0.001,0.0,0.0009474754333496,8.813817501068115,2.1155056953430176,10.930270671844482,10.930270671844482
44,Multi-PCMS-Min,e=8,0.2818182254537714,0.4214697060000003,0.3080214081999999,0.478506,0.3459,1.8844,121,0.0,0.0,0.0009901523590087,10.94680643081665,2.483614444732666,13.431411027908323,13.431411027908323
45,Multi-PCMS-Min,e=16,0.054064893324598,0.1905742739999985,0.0434736051999999,0.163084,0.1724,1.0439,81874,0.0001,0.0,0.0010862350463867,11.7833251953125,2.9127211570739746,14.69713258743286,14.69713258743286
46,Multi-PCMS-Min,e=32,0.0483503771994043,0.1919381999999941,0.0272105004,0.14042,0.1883,0.8104,81080,0.0003,0.0,0.0009341239929199,11.463912010192873,2.19523549079895,13.66008162498474,13.66008162498474
47,Multi-PCMS-Min,e=64,0.0568408092375019,0.2266738610000068,0.023333232,0.13476,0.2289,0.7385,87090,0.0048,0.0,0.0009112358093261,12.237950563430786,2.58986234664917,14.828724145889282,14.828724145889282
48,Multi-PCMS-Min,e=128,0.0678921962413072,0.2561675590000011,0.0330095496,0.166364,0.2537,0.7732,81621,0.014,0.0,0.0033512115478515,12.0477135181427,3.2337565422058105,15.284821271896362,15.284821271896362
49,Multi-PCMS-Min,e=2,8.463061777044997,2.3925009480001806,7.764280019400001,2.174258,2.1625,8.143,57,0.002,0.0,0.0011382102966308,11.897001504898071,2.6232643127441406,14.521404027938845,14.521404027938845
50,Multi-PCMS-Min,e=4,1.8698713789387635,1.1157012260000083,2.6426202178000007,1.3078900000000002,0.9849,4.6141,31,0.0008,0.0,0.0009617805480957,12.27345061302185,2.6018569469451904,14.876269340515137,14.876269340515137
51,Multi-PCMS-Min,e=8,0.3018302018761478,0.4305114440000018,0.3647077954,0.496446,0.3579,1.5878,88634,0.0,0.0,0.0018391609191894,9.721090078353882,2.5297420024871826,12.252671241760254,12.252671241760254
52,Multi-PCMS-Min,e=16,0.0614737094736978,0.2034757029999957,0.0791356502,0.2131899999999999,0.1787,0.871,16224,0.0005,0.0,0.0008127689361572,9.990495920181274,3.5830447673797607,13.574353456497192,13.574353456497192
53,Multi-PCMS-Min,e=32,0.0411902894922029,0.1734889700000108,0.0259882122,0.12913,0.1638,0.906,7173,0.0,0.0,0.0008089542388916,9.8204026222229,2.4852473735809326,12.306458950042725,12.306458950042725
54,Multi-PCMS-Min,e=64,0.057512232561503,0.2290535649999967,0.0303458858,0.150118,0.2258,0.7959,7173,0.002,0.0,0.0023403167724609,8.608972311019897,2.3603105545043945,10.971623182296751,10.971623182296751
55,Multi-PCMS-Min,e=128,0.0688818173360027,0.2579416639999966,0.036014483,0.173638,0.2538,0.7756,81621,0.0011,0.0,0.0010061264038085,11.49432897567749,2.561135053634644,14.056470155715942,14.056470155715942
56,Multi-PCMS-Min,e=2,6.958302936417279,2.200102628000149,7.118129261000003,2.274478,1.9579,6.4277,315,0.0121,0.0,0.0009992122650146,9.489783763885498,2.459883213043213,11.950666189193726,11.950666189193726
57,Multi-PCMS-Min,e=4,1.371916645729075,0.9664419900000384,1.7519593538000005,1.0476540000000003,0.9082,3.4564,30,0.0003,0.0,0.0009565353393554,11.873692274093628,2.0593819618225098,13.934030771255491,13.934030771255491
58,Multi-PCMS-Min,e=8,0.3189609204169607,0.4350339819999958,0.3516792898,0.494674,0.3333,1.8102,108,0.0,0.0,0.0019996166229248,11.509692668914797,2.2698967456817627,13.781589031219482,13.781589031219482
59,Multi-PCMS-Min,e=16,0.047743782230698,0.1708242690000003,0.0730668055999999,0.22454,0.1468,0.9222,31670,0.0,0.0,0.0010261535644531,11.478003025054932,2.052525520324707,13.531554698944092,13.531554698944092
60,Multi-PCMS-Min,e=32,0.0430009410565981,0.1765341339999997,0.0208496112,0.116492,0.1695,0.8742,41270,0.0002,0.0,0.0061275959014892,10.366602897644045,2.2207162380218506,12.593446731567385,12.593446731567385
61,Multi-PCMS-Min,e=64,0.0571514372630067,0.2257196600000143,0.0316214632,0.155528,0.2209,0.7177,73536,0.0002,0.0,0.0008983612060546,12.217311143875122,2.0220508575439453,14.240260362625122,14.240260362625122
62,Multi-PCMS-Min,e=128,0.0684563722586068,0.2573685379999762,0.0345533736,0.170984,0.2559,0.8166,81621,0.0219,0.0,0.0009746551513671,8.01513409614563,2.045030355453491,10.061139106750488,10.061139106750488
63,Multi-PCMS-Min,e=2,7.375641566867682,2.266164591999952,7.160738515399999,2.33199,2.0091,6.8525,170,0.0121,0.0,0.0009815692901611,8.374165058135986,2.007518529891968,10.382665157318115,10.382665157318115
64,Multi-PCMS-Min,e=4,1.8065841031625471,1.0826240880000586,2.2265346113999995,1.2551140000000005,0.985,4.258,201,0.0056,0.0,0.002490758895874,8.01952052116394,2.174177408218384,10.196188688278198,10.196188688278198
65,Multi-PCMS-Min,e=8,0.3203386845385963,0.4391225019999742,0.2709569602000001,0.41817,0.3577,1.7764,139,0.0,0.0,0.0008525848388671,8.425781011581421,2.0692875385284424,10.49592113494873,10.49592113494873
66,Multi-PCMS-Min,e=16,0.0702083636649957,0.2103612399999945,0.0593358103999999,0.20062,0.185,1.0308,12965,0.0,0.0,0.0007181167602539,7.84680962562561,2.231373310089112,10.078901052474976,10.078901052474976
67,Multi-PCMS-Min,e=32,0.0433795468185013,0.1809663549999991,0.0183381795999999,0.1128759999999999,0.1734,0.7176,36731,0.0,0.0,0.000694990158081,7.752136468887329,1.9744560718536377,9.727287530899048,9.727287530899048
68,Multi-PCMS-Min,e=64,0.0537212352574018,0.2202177560000187,0.0325265337999999,0.1608939999999999,0.2179,0.7354,93479,0.014,0.0,0.0007205009460449,8.105668783187866,1.9532592296600344,10.059648513793944,10.059648513793944
69,Multi-PCMS-Min,e=128,0.06613958779961489,0.2524826280000082,0.0355117972,0.16987200000000002,0.2482,0.8046,81621,0.0124,0.0,0.0006723403930664062,8.206222534179688,2.336221694946289,10.543116569519043,10.543116569519043
0,PrivSketch-noSmp,e=2,6.680079708923026,2.063774432000013,5.162199353800002,1.741722,1.753,11.4299,20511,0.0121,0.0,0.8898882865905762,129.60038685798645,0.1896562576293945,130.67993140220642,130.67993140220642
1,PrivSketch-noSmp,e=4,1.630936422804318,1.017715321999994,1.4245364802000002,0.9156460000000004,0.8579,5.6455,34355,0.007,0.0,0.8193848133087158,122.5318193435669,0.1774296760559082,123.52863383293152,123.52863383293152
2,PrivSketch-noSmp,e=8,0.419195923344369,0.5164893819999883,0.4058156097999999,0.5261299999999999,0.43545,2.8935,95338,0.0,0.0,0.8298964500427246,165.4255564212799,0.1949739456176757,166.4504268169403,166.4504268169403
3,PrivSketch-noSmp,e=16,0.0992160517949021,0.2513372809999962,0.079878779,0.234442,0.2117,1.3308,62775,0.0,0.0,0.7559354305267334,166.46647596359253,0.1796092987060547,167.40202069282532,167.40202069282532
4,PrivSketch-noSmp,e=32,0.0252076515015995,0.1267237820000011,0.0243679067999999,0.125044,0.10685,0.6917,32350,0.0,0.0,0.7817869186401367,127.23451924324036,0.1630125045776367,128.17931866645813,128.17931866645813
5,PrivSketch-noSmp,e=64,0.0071672744289996,0.0672011440000004,0.009369231,0.078258,0.0561,0.6006,20692,0.0,0.0,0.814572811126709,130.8074893951416,0.2309226989746093,131.85298490524292,131.85298490524292
6,PrivSketch-noSmp,e=128,0.0026152421896999,0.0398012490000003,0.0017262285999999,0.0342339999999999,0.0329,0.5366,32350,0.0,0.0,0.7736375331878662,123.85281777381896,0.1611449718475341,124.78760027885436,124.78760027885436
7,PrivSketch-noSmp,e=2,6.610399197332464,2.0540173000000195,5.7545425986,1.948082,1.7287,11.8151,23462,0.0121,0.0,0.8398356437683105,127.45387029647829,0.1761348247528076,128.4698407649994,128.4698407649994
8,PrivSketch-noSmp,e=4,1.5362446625227812,0.9908928399999994,1.6010027074,1.0292259999999995,0.8326,5.1066,39720,0.0045,0.0,0.7821316719055176,165.26038241386414,0.1911988258361816,166.23371291160583,166.23371291160583
9,PrivSketch-noSmp,e=8,0.413281406515872,0.5128350089999985,0.4646661185999998,0.5613419999999999,0.43505,3.1112,66286,0.0,0.0,0.8071577548980713,122.71550154685974,0.1618175506591797,123.684476852417,123.684476852417
10,PrivSketch-noSmp,e=16,0.1001037386177036,0.2516338129999998,0.1117054804,0.271264,0.2118,1.5624,80938,0.0,0.0,0.8294727802276611,159.3833532333374,0.2116572856903076,160.42448329925537,160.42448329925537
11,PrivSketch-noSmp,e=32,0.0244611690647996,0.1250127480000012,0.0266378729999999,0.1257619999999999,0.106,0.7047,98340,0.0,0.0,0.8485429286956787,167.2850272655487,0.1632773876190185,168.2968475818634,168.2968475818634
12,PrivSketch-noSmp,e=64,0.0074067267428998,0.0684432250000021,0.008626335,0.07385,0.0577,0.628,68467,0.0,0.0,0.7869980335235596,170.0165078639984,0.1952064037322998,170.99871230125427,170.99871230125427
13,PrivSketch-noSmp,e=128,0.0026160573128999,0.0397884770000004,0.0021618165999999,0.0357499999999999,0.0331,0.548,81621,0.0,0.0,0.7948911190032959,129.4582233428955,0.1734795570373535,130.42659401893616,130.42659401893616
14,PrivSketch-noSmp,e=2,6.653750131041472,2.059548158000043,7.133255789,2.1984340000000007,1.7529,10.8935,86042,0.0121,0.0,0.8364202976226807,162.63095569610596,0.1994903087615966,163.66686630249023,163.66686630249023
15,PrivSketch-noSmp,e=4,1.80035667306992,1.071982215999999,1.6541977666,1.008418,0.9092,5.8492,76617,0.0024,0.0,0.9195373058319092,166.24365520477295,0.2023506164550781,167.36554312705994,167.36554312705994
16,PrivSketch-noSmp,e=8,0.4286412333705767,0.5236995959999889,0.450765421,0.5227419999999998,0.4474,3.225,77960,0.0,0.0,1.011838436126709,167.54942321777344,0.1704120635986328,168.73167371749878,168.73167371749878
17,PrivSketch-noSmp,e=16,0.1071934572086033,0.2612234279999962,0.1175665144,0.2762639999999999,0.2234,1.5817,4494,0.0,0.0,1.0593609809875488,160.4451711177826,0.23569917678833,161.74023127555847,161.74023127555847
18,PrivSketch-noSmp,e=32,0.0273382176200998,0.1317189330000011,0.0283355097999999,0.1410179999999999,0.1116,0.82,28695,0.0,0.0,1.4840970039367676,163.29862236976624,0.3047707080841064,165.0874900817871,165.0874900817871
19,PrivSketch-noSmp,e=64,0.0076600606108997,0.0695059710000019,0.0076408574,0.0714179999999999,0.0587,0.5911,81621,0.0,0.0,0.8101780414581299,130.87001824378967,0.15667724609375,131.83687353134155,131.83687353134155
20,PrivSketch-noSmp,e=128,0.0026921753549999,0.0403540680000002,0.0016029185999999,0.033134,0.0334,0.5326,32350,0.0,0.0,1.2459871768951416,162.40377831459045,0.2004237174987793,163.85018920898438,163.85018920898438
21,PrivSketch-noSmp,e=2,6.117753045447834,1.9749472460000164,6.579464301000002,2.0282460000000007,1.6773,10.9447,77184,0.0114,0.0,1.5463252067565918,164.19686341285706,0.2017445564270019,165.94493317604065,165.94493317604065
22,PrivSketch-noSmp,e=4,1.7545746693579014,1.0545998340000038,1.0578979905999994,0.8452580000000002,0.8838,6.2076,23647,0.0016,0.0,1.2910912036895752,158.80443811416626,0.1908061504364013,160.28633546829224,160.28633546829224
23,PrivSketch-noSmp,e=8,0.396797438542066,0.5035187249999912,0.4108457538000001,0.517786,0.4231,2.5339,76052,0.0,0.0,1.5091845989227295,166.73436570167542,0.2282092571258545,168.471759557724,168.471759557724
24,PrivSketch-noSmp,e=16,0.1025663371003036,0.2555957149999937,0.1306129981999999,0.27723,0.2172,1.4332,29220,0.0,0.0,1.3536887168884275,158.6612205505371,0.1646983623504638,160.179607629776,160.179607629776
25,PrivSketch-noSmp,e=32,0.0260336835812994,0.1288173870000014,0.0232133371999999,0.123668,0.1091,0.7719,61796,0.0,0.0,1.2733559608459473,127.82768106460573,0.1603009700775146,129.26133799552915,129.26133799552915
26,PrivSketch-noSmp,e=64,0.0079665264513997,0.0706093440000018,0.005174455,0.058706,0.0592,0.7449,68467,0.0,0.0,1.352799415588379,158.21999788284302,0.2046246528625488,159.77742195129397,159.77742195129397
27,PrivSketch-noSmp,e=128,0.0028231254057999,0.0416456760000003,0.0031049221999999,0.045158,0.0349,0.5407,83146,0.0,0.0,0.9285075664520264,127.39839434623718,0.3072974681854248,128.63419938087463,128.63419938087463
28,PrivSketch-noSmp,e=2,6.930678657787117,2.1056950420000216,6.672477292999999,2.086866,1.7799,11.5077,44775,0.0121,0.0,1.431832790374756,122.17568516731262,0.1621842384338379,123.76970219612122,123.76970219612122
29,PrivSketch-noSmp,e=4,1.7705068608970838,1.0609814280000085,2.1030118466000003,1.1429579999999997,0.8839,5.9781,10831,0.0005,0.0,1.3306427001953125,126.88381838798524,0.1691598892211914,128.38362097740173,128.38362097740173
30,PrivSketch-noSmp,e=8,0.4113789789800663,0.5112329009999911,0.4313112130000001,0.52961,0.4345,2.8797,22752,0.0,0.0,1.180746078491211,163.60534071922302,0.1981644630432129,164.98425126075745,164.98425126075745
31,PrivSketch-noSmp,e=16,0.1017093299125043,0.2544843949999984,0.1346538217999999,0.295654,0.217,1.3823,10324,0.0,0.0,0.8519024848937988,125.39848923683168,0.1583724021911621,126.40876412391664,126.40876412391664
32,PrivSketch-noSmp,e=32,0.0267092067915994,0.1305721340000012,0.0254038038,0.128718,0.1094,0.7778,6568,0.0,0.0,0.9538843631744384,132.315407037735,0.2026150226593017,133.47190642356873,133.47190642356873
33,PrivSketch-noSmp,e=64,0.0074291357384997,0.068355229000001,0.0083684129999999,0.07695,0.0576,0.6022,83146,0.0,0.0,1.0337071418762207,127.2086570262909,0.1760308742523193,128.41839504241943,128.41839504241943
34,PrivSketch-noSmp,e=128,0.0030645412197998,0.0433492580000003,0.0023498554,0.04033,0.0364,0.5744,32350,0.0,0.0,1.5357320308685305,133.53507232666016,0.1598744392395019,135.2306787967682,135.2306787967682
35,PrivSketch-noSmp,e=2,6.412738675758285,2.023085872000016,6.796603910600001,2.230658,1.7019,11.3788,56288,0.0093,0.0,0.94712233543396,131.74960207939148,0.164525032043457,132.8612494468689,132.8612494468689
36,PrivSketch-noSmp,e=4,1.677475899642722,1.0308946180000154,2.0373395522,1.127238,0.8583,5.5673,60444,0.0005,0.0,0.997438669204712,130.89540767669678,0.1904895305633545,132.08333587646484,132.08333587646484
37,PrivSketch-noSmp,e=8,0.4221388936173688,0.5189882779999919,0.6050358338000003,0.648342,0.4358,2.8934,96400,0.0,0.0,0.9037308692932128,133.77292776107788,0.2845802307128906,134.96123886108398,134.96123886108398
38,PrivSketch-noSmp,e=16,0.1069535596900041,0.2614635680000026,0.059505097,0.19907,0.2236,1.446,75601,0.0,0.0,0.8699355125427246,128.80577993392944,0.3090136051177978,129.98472905158997,129.98472905158997
39,PrivSketch-noSmp,e=32,0.0263813987019999,0.129818688,0.025840876,0.128872,0.1094,0.7431,81621,0.0,0.0,0.8914945125579834,133.68412685394287,0.1602380275726318,134.7358593940735,134.7358593940735
40,PrivSketch-noSmp,e=64,0.0069025605368997,0.0660575610000015,0.007274441,0.0686659999999999,0.0559,0.58,40554,0.0,0.0,0.9242072105407716,130.56501173973083,0.1921086311340332,131.68132758140564,131.68132758140564
41,PrivSketch-noSmp,e=128,0.0025628689958999,0.0393030510000004,0.0027085898,0.04301,0.0326,0.5246,83146,0.0,0.0,1.1461422443389893,132.33009910583496,0.1542897224426269,133.63053107261658,133.63053107261658
42,PrivSketch-noSmp,e=2,6.314530381255835,2.004368140000011,6.791679084999999,2.089997999999999,1.7018,10.6107,6749,0.0061,0.0,0.9418694972991944,129.95149087905884,0.1537947654724121,131.04715514183044,131.04715514183044
43,PrivSketch-noSmp,e=4,1.5698419044299394,0.9981436880000156,1.5824728130000003,0.927022,0.8326,6.1305,65767,0.0038,0.0,1.6725256443023682,129.089284658432,0.1552562713623047,130.91706657409668,130.91706657409668
44,PrivSketch-noSmp,e=8,0.4387227638125728,0.5300465479999937,0.4211806786000001,0.5455620000000001,0.4485,3.0714,59189,0.0,0.0,0.9650354385375975,134.35536980628967,0.1596455574035644,135.48005080223083,135.48005080223083
45,PrivSketch-noSmp,e=16,0.1023662307369027,0.255953389000002,0.1243386692,0.255612,0.218,1.4075,87768,0.0,0.0,0.9187746047973632,131.2876901626587,0.1585414409637451,132.3650062084198,132.3650062084198
46,PrivSketch-noSmp,e=32,0.0281549073287998,0.1340704640000015,0.0221622622,0.109634,0.1126,0.8197,32350,0.0,0.0,1.0489859580993652,148.46611189842224,0.1606945991516113,149.67579245567322,149.67579245567322
47,PrivSketch-noSmp,e=64,0.0071219663080997,0.0669487450000008,0.0056127476,0.0602999999999999,0.0561,0.5317,57844,0.0,0.0,1.0459837913513184,146.36794543266296,0.158954381942749,147.57288360595703,147.57288360595703
48,PrivSketch-noSmp,e=128,0.0026293145398999,0.0398679950000004,0.0029102986,0.041942,0.0328,0.5599,32350,0.0,0.0,0.995459794998169,146.38053154945374,0.1625633239746093,147.5385546684265,147.5385546684265
49,PrivSketch-noSmp,e=2,6.834613875553408,2.0915699299999826,6.182800697800003,1.942314,1.7798,11.2761,86901,0.0121,0.0,1.576624631881714,152.14742350578308,0.1486449241638183,153.8726930618286,153.8726930618286
50,PrivSketch-noSmp,e=4,1.5827950754251523,1.0047345520000082,1.6851719234000004,1.0943580000000002,0.857,5.721,74075,0.0028,0.0,0.984971284866333,145.73934078216553,0.1569788455963134,146.88129091262817,146.88129091262817
51,PrivSketch-noSmp,e=8,0.4149618755039687,0.5144995579999959,0.4354084418,0.5347740000000001,0.4354,2.8924,92924,0.0,0.0,0.9583194255828856,144.98488116264343,0.1567258834838867,146.0999264717102,146.0999264717102
52,PrivSketch-noSmp,e=16,0.099669569557403,0.2523796959999945,0.061656022,0.211184,0.2119,1.3956,23785,0.0,0.0,1.127091407775879,148.0523166656494,0.1519274711608886,149.33133554458618,149.33133554458618
53,PrivSketch-noSmp,e=32,0.0281734096681996,0.1338221339999991,0.03143955,0.144448,0.1125,0.8062,3452,0.0,0.0,0.9474983215332032,146.2418863773346,0.1593546867370605,147.34873938560486,147.34873938560486
54,PrivSketch-noSmp,e=64,0.0074851498741997,0.0686446320000001,0.009484177,0.079062,0.0576,0.6742,32350,0.0,0.0,1.048604965209961,147.0827717781067,0.1537597179412841,148.2851364612579,148.2851364612579
55,PrivSketch-noSmp,e=128,0.0026564305554999,0.0398332310000004,0.0023408908,0.039468,0.0326,0.5848,32350,0.0,0.0,1.2324845790863037,139.38934898376465,0.1694300174713134,140.7912635803223,140.7912635803223
56,PrivSketch-noSmp,e=2,6.465504100193323,2.0255429680000097,8.216336083399996,2.2199180000000003,1.702,11.7895,3007,0.0121,0.0,1.0147240161895752,146.07195687294006,0.1510543823242187,147.23773527145386,147.23773527145386
57,PrivSketch-noSmp,e=4,1.6487922176459535,1.0255320220000028,1.4535653442000005,0.9283340000000002,0.8583,6.0806,78246,0.0028,0.0,0.9735493659973145,141.30742859840393,0.1632561683654785,142.44423413276672,142.44423413276672
58,PrivSketch-noSmp,e=8,0.3928997637285699,0.5003291719999955,0.4422672962,0.5400460000000001,0.4229,2.9563,29484,0.0,0.0,1.558523178100586,145.6429581642151,0.1514720916748047,147.35295343399048,147.35295343399048
59,PrivSketch-noSmp,e=16,0.1003812092543039,0.252752596999992,0.073651132,0.2163439999999999,0.2119,1.395,10045,0.0,0.0,1.0918855667114258,141.4064583778381,0.1577768325805664,142.65612077713013,142.65612077713013
60,PrivSketch-noSmp,e=32,0.0251675006927,0.1266825309999999,0.038197423,0.154086,0.1062,0.7239,81621,0.0,0.0,1.550722599029541,146.6171145439148,0.1470229625701904,148.31486010551453,148.31486010551453
61,PrivSketch-noSmp,e=64,0.0072809996422997,0.0678426610000008,0.0073700025999999,0.068506,0.0575,0.5638,20692,0.0,0.0,0.966782569885254,142.9964530467987,0.1553461551666259,144.1185817718506,144.1185817718506
62,PrivSketch-noSmp,e=128,0.0028837929671998,0.0419803260000008,0.0034633312,0.047892,0.0349,0.5937,32350,0.0,0.0,1.119835376739502,145.54331183433533,0.1478099822998047,146.81095719337463,146.81095719337463
63,PrivSketch-noSmp,e=2,6.494278405063905,2.036945918000037,8.490054560200003,2.371238,1.7285,12.966,91860,0.0042,0.0,1.022687911987305,143.98372197151184,0.1499457359313964,145.15635561943054,145.15635561943054
64,PrivSketch-noSmp,e=4,1.6593937275339503,1.026657320000007,1.480745581,0.946826,0.8582,5.6964,82897,0.0023,0.0,0.905770778656006,86.09114384651184,0.1353063583374023,87.13222098350525,87.13222098350525
65,PrivSketch-noSmp,e=8,0.4295500521293688,0.5223067819999917,0.3695330882000002,0.468422,0.4359,2.8039,50144,0.0,0.0,1.7259979248046875,86.63175654411316,0.1372265815734863,88.49498105049133,88.49498105049133
66,PrivSketch-noSmp,e=16,0.1012248844059008,0.2542896989999951,0.0838069704,0.2161479999999999,0.2171,1.3766,7402,0.0,0.0,1.1052768230438232,83.00647759437561,0.1369886398315429,84.24874305725098,84.24874305725098
67,PrivSketch-noSmp,e=32,0.0285652917138997,0.1348600650000005,0.0265608516,0.136832,0.1147,0.8355,8259,0.0,0.0,0.9450798034667968,81.83488130569458,0.1432244777679443,82.92318558692932,82.92318558692932
68,PrivSketch-noSmp,e=64,0.0081326280855998,0.0718743960000019,0.0064182493999999,0.0593699999999999,0.0608,0.6149,32350,0.0,0.0,0.9135053157806396,81.7243402004242,0.139444351196289,82.77728986740112,82.77728986740112
69,PrivSketch-noSmp,e=128,0.002965602443199882,0.04251641600000095,0.0024914994,0.036242,0.0352,0.5545,61796,0.0,0.0,1.410295009613037,84.04930543899536,0.13046932220458984,85.59006977081299,85.59006977081299
0,PrivSketch,e=2,0.011135712339499908,0.08209378100001108,0.0237857986,0.12039000000000001,0.0683,0.7999,61796,0.0,0.0,1.1196093559265137,85.38853001594543,0.6453583240509033,87.15349769592285,87.15349769592285
1,PrivSketch,e=4,0.003389473610999604,0.041991022000005936,0.0195402172,0.11454799999999996,0.0291,1.186,84426,0.0001,0.0,1.085474729537964,63.3706443309784,0.31433868408203125,64.77045774459839,64.77045774459839
2,PrivSketch,e=8,0.002484987384000189,0.026238868000001376,0.013079587000000002,0.09224600000000004,0.0007,0.7682,99999,0.0002,0.0,1.1152491569519043,73.49087738990785,0.6986157894134521,75.30474233627321,75.30474233627321
3,PrivSketch,e=16,0.002515733479400127,0.02606143199999357,0.016778844999999997,0.09409000000000003,0.0004,0.8702,32638,0.0001,0.0,1.1066133975982666,72.8321132659912,0.6172704696655273,74.55599713325499,74.55599713325499
4,PrivSketch,e=32,0.002501752193000143,0.025830733999992448,0.019457833799999998,0.10827000000000002,0.0004,1.1263,99999,0.0001,0.0,1.1245009899139404,68.49473619461061,0.3166966438293457,69.93593382835388,69.93593382835388
5,PrivSketch,e=64,0.00250075164260012,0.02599152399999289,0.014288477000000003,0.093014,0.0004,0.7167,99999,0.0001,0.0,1.1461906433105469,69.1272292137146,0.5248570442199707,70.79827690124513,70.79827690124513
6,PrivSketch,e=128,0.002494514868200139,0.026183695999993692,0.02489588820000001,0.11358199999999995,0.0004,0.8703,99999,0.0001,0.0,1.1568450927734375,69.06492781639099,0.3183300495147705,70.5401029586792,70.5401029586792
7,PrivSketch,e=2,0.01118955593990014,0.08249835900001018,0.02712345679999999,0.122508,0.0685,1.1762,99999,0.0,0.0,1.1637685298919678,66.96158671379091,0.3231644630432129,68.44851970672607,68.44851970672607
8,PrivSketch,e=4,0.003164045063699668,0.04023307100000472,0.012995147200000006,0.08676,0.0272,1.2507,99999,0.0004,0.0,1.1694154739379885,82.33706092834474,0.6371920108795166,84.14366841316223,84.14366841316223
9,PrivSketch,e=8,0.002456557540400199,0.02605653800000241,0.0247672534,0.10783400000000004,0.0007,0.8706,99999,0.0001,0.0,1.1808977127075195,64.84942245483397,0.3325347900390625,66.36285495758057,66.36285495758057
10,PrivSketch,e=16,0.00255973537380012,0.026841251999995624,0.023734877,0.11088200000000008,0.0004,0.9727,99999,0.0001,0.0,1.1717736721038818,77.92663455009459,0.6450240612030029,79.74343228340148,79.74343228340148
11,PrivSketch,e=32,0.002402180071400102,0.025622815999991902,0.016292854599999997,0.10410599999999999,0.0004,1.0751,99999,0.0001,0.0,1.1777513027191162,70.26349425315857,0.6301064491271973,72.07135200500487,72.07135200500487
12,PrivSketch,e=64,0.002607101517800165,0.02671474199999444,0.0100411298,0.077738,0.0004,0.9215,99999,0.0001,0.0,1.1883525848388672,66.86689710617064,0.6493129730224609,68.70456266403197,68.70456266403197
13,PrivSketch,e=128,0.002366235009000093,0.025505005999991243,0.015672105800000002,0.09594200000000004,0.0004,0.9727,99999,0.0001,0.0,1.1979713439941406,67.05401945114136,0.6544044017791748,68.90639519691467,68.90639519691467
14,PrivSketch,e=2,0.012476029196300658,0.08696724300001048,0.017336138400000006,0.106656,0.0724,0.8399,84426,0.0,0.0,1.1811161041259766,75.90541696548463,0.6915662288665771,77.77809929847717,77.77809929847717
15,PrivSketch,e=4,0.0034341052773996968,0.04204355000000557,0.019694411999999998,0.11481199999999996,0.0287,0.8334,99999,0.0001,0.0,1.1694226264953609,58.2703857421875,0.3266100883483887,59.76641845703125,59.76641845703125
16,PrivSketch,e=8,0.0024503632474001807,0.02578538000000276,0.0175754006,0.098774,0.0007,1.1267,99999,0.0002,0.0,1.213287353515625,76.58197355270386,0.3180956840515137,78.113356590271,78.113356590271
17,PrivSketch,e=16,0.0023921529610000805,0.0255278659999917,0.020132035400000005,0.08821399999999999,0.0004,0.9215,99999,0.0001,0.0,1.2000174522399902,69.320289850235,0.6246871948242188,71.14499449729921,71.14499449729921
18,PrivSketch,e=32,0.0024675187466001174,0.02599762399999276,0.0208435106,0.10909400000000001,0.0004,0.9727,99999,0.0001,0.0,1.4332332611083984,71.53611445426941,0.4933812618255615,73.46272897720338,73.46272897720338
19,PrivSketch,e=64,0.002331068698600075,0.024965109999989403,0.01642699860000001,0.09910199999999997,0.0003,0.7167,99999,0.0001,0.0,1.1745190620422363,77.49569535255429,0.6344473361968994,79.30466175079346,79.30466175079346
20,PrivSketch,e=128,0.002355281178600082,0.02516980599999086,0.0199514018,0.106646,0.0003,0.8191,99999,0.0001,0.0,2.3370373249053955,68.93335580825807,0.32674241065979004,71.59713554382323,71.59713554382323
21,PrivSketch,e=2,0.012076401435700577,0.08540363700000976,0.0265442566,0.13102600000000006,0.0693,1.1009,99999,0.0,0.0,1.4082036018371582,66.26159071922302,0.31684017181396484,67.98663449287415,67.98663449287415
22,PrivSketch,e=4,0.0033365247692996444,0.0417926610000056,0.017660171399999994,0.10905399999999996,0.0289,0.5677,69069,0.0001,0.0,1.4899952411651611,57.153536796569824,0.32096171379089355,58.96449375152588,58.96449375152588
23,PrivSketch,e=8,0.002335599084500148,0.025259459000003967,0.015778401799999998,0.09579,0.0007,0.7682,99999,0.0001,0.0,2.0304701328277592,60.29069972038269,0.3118438720703125,62.63301372528076,62.63301372528076
24,PrivSketch,e=16,0.002247307137000066,0.02421308199998784,0.016172637000000004,0.10297399999999997,0.0003,0.8703,99999,0.0001,0.0,1.1950550079345703,61.022289991378784,0.31171226501464844,62.529057264328,62.529057264328
25,PrivSketch,e=32,0.0024372412170001077,0.025833017999992918,0.015913974600000002,0.09237000000000001,0.0004,1.0239,99999,0.0001,0.0,2.27583909034729,67.08692049980165,0.3132054805755615,69.6759650707245,69.6759650707245
26,PrivSketch,e=64,0.002308827828200082,0.024895773999990257,0.014261238600000004,0.08934199999999999,0.0003,0.7679,99999,0.0001,0.0,1.7500464916229248,62.91116428375244,0.31569457054138184,64.97690534591675,64.97690534591675
27,PrivSketch,e=128,0.0024722986762001197,0.025707217999992944,0.0214876066,0.10115799999999996,0.0004,0.8703,99999,0.0001,0.0,2.2784719467163086,74.15617966651918,0.3217296600341797,76.75638127326965,76.75638127326965
28,PrivSketch,e=2,0.011502218275100451,0.08293390500001042,0.0303353102,0.142254,0.0681,1.0257,99999,0.0,0.0,1.558271408081055,63.27633428573608,0.3110649585723877,65.14567065238954,65.14567065238954
29,PrivSketch,e=4,0.0032494600781996195,0.04107611400000462,0.0119985624,0.085628,0.0288,0.9377,99999,0.0001,0.0,1.6141519546508791,60.091965675354004,0.3229224681854248,62.029040098190315,62.029040098190315
30,PrivSketch,e=8,0.002453947989600177,0.025886682000002315,0.012392959400000004,0.08913399999999999,0.0007,1.1779,99999,0.0001,0.0,1.6745305061340332,62.63002967834473,0.3126635551452637,64.61722373962402,64.61722373962402
31,PrivSketch,e=16,0.0024799128330001163,0.0257956299999923,0.022287555399999992,0.11153000000000003,0.0004,1.0751,99999,0.0001,0.0,1.6078126430511477,62.09935235977173,0.3295464515686035,64.03671145439148,64.03671145439148
32,PrivSketch,e=32,0.0024200707850001264,0.02553360999999195,0.012862659399999999,0.08913000000000001,0.0004,0.9215,99999,0.0001,0.0,2.974684000015259,48.74211645126343,0.3284597396850586,52.04526019096375,52.04526019096375
33,PrivSketch,e=64,0.0023592227594001172,0.02498129599998964,0.016227933000000003,0.101202,0.0003,1.2287,99999,0.0001,0.0,1.1497056484222412,51.16402578353882,0.6709537506103516,52.984685182571404,52.984685182571404
34,PrivSketch,e=128,0.0024077884170001264,0.0254666419999916,0.0163100578,0.099618,0.0004,0.9214,32638,0.0001,0.0,2.1684129238128658,71.52025747299193,0.32235240936279297,74.01102280616759,74.01102280616759
35,PrivSketch,e=2,0.011286944692800014,0.08260030800001142,0.02114516779999999,0.117034,0.0685,0.851,74767,0.0,0.0,1.160891056060791,60.44077634811402,0.6316976547241211,62.233365058898926,62.233365058898926
36,PrivSketch,e=4,0.0033770569794996487,0.042159117000005686,0.018955767,0.11186200000000003,0.0297,0.8865,99999,0.0001,0.0,2.2087223529815674,56.475321769714355,0.32808613777160645,59.01213026046753,59.01213026046753
37,PrivSketch,e=8,0.002459494670100107,0.02612763700000308,0.012021495199999996,0.08361199999999996,0.0007,1.2291,99999,0.0002,0.0,1.3982977867126465,67.9057035446167,0.6472198963165283,69.95122122764586,69.95122122764586
38,PrivSketch,e=16,0.002378766721000109,0.025089191999990497,0.0123881378,0.09112999999999996,0.0003,0.9727,99999,0.0001,0.0,2.377251148223877,68.21779751777649,0.32941269874572754,70.9244613647461,70.9244613647461
39,PrivSketch,e=32,0.0023910619914001012,0.02524710399999141,0.016369654600000002,0.099734,0.0003,0.8191,99999,0.0001,0.0,1.1494193077087402,62.83894968032837,0.6509356498718262,64.63930463790894,64.63930463790894
40,PrivSketch,e=64,0.002322918068200059,0.025035529999990286,0.017508957,0.10592999999999997,0.0003,1.2287,99999,0.0001,0.0,1.2613074779510498,50.69744682312012,0.3701455593109131,52.32889986038208,52.32889986038208
41,PrivSketch,e=128,0.0024880687882001444,0.026163121999993655,0.014947318600000006,0.09608600000000003,0.0004,0.7167,81080,0.0001,0.0,1.1251490116119385,49.25933790206909,0.32758593559265137,50.71207284927368,50.71207284927368
42,PrivSketch,e=2,0.011619724307500157,0.08386826100000976,0.028368881800000002,0.137614,0.0691,1.0929,99999,0.0,0.0,1.108220100402832,50.670851945877075,0.3203895092010498,52.09946155548096,52.09946155548096
43,PrivSketch,e=4,0.003674934018199685,0.04365835600000697,0.013355139599999996,0.08883600000000003,0.0299,0.9387,99999,0.0003,0.0,1.1268031597137451,59.54165554046631,0.3192634582519531,60.98772215843201,60.98772215843201
44,PrivSketch,e=8,0.0025506100084001066,0.02655965000000186,0.016774796600000003,0.10269,0.0007,1.0755,99999,0.0002,0.0,1.142570972442627,51.027993440628045,0.31974220275878906,52.49030661582947,52.49030661582947
45,PrivSketch,e=16,0.0024396566282001235,0.02581240199999248,0.015141673799999996,0.099678,0.0004,0.7678,32638,0.0001,0.0,1.7331984043121338,69.58820652961731,0.3257875442504883,71.64719247817995,71.64719247817995
46,PrivSketch,e=32,0.002502857191400157,0.02616800599999381,0.0221173666,0.11721800000000004,0.0004,0.9727,99999,0.0001,0.0,2.4265947341918945,76.59304881095886,0.31029105186462397,79.32993459701537,79.32993459701537
47,PrivSketch,e=64,0.002394323431400105,0.024991681999990155,0.0205674402,0.114106,0.0003,1.0751,99999,0.0001,0.0,2.428588628768921,73.2589807510376,0.3182823657989502,76.00585174560547,76.00585174560547
48,PrivSketch,e=128,0.002462813159400137,0.02574078399999251,0.0125540258,0.091214,0.0004,0.9215,99999,0.0001,0.0,2.4486091136932373,70.81298255920409,0.3211078643798828,73.58269953727722,73.58269953727722
49,PrivSketch,e=2,0.01012686966659944,0.07846183400000929,0.03302155399999999,0.142332,0.0653,1.1441,99999,0.0,0.0,1.946582555770874,66.50531148910521,0.332334041595459,68.78422808647157,68.78422808647157
50,PrivSketch,e=4,0.0038023930180996392,0.04437148500000762,0.024187299400000004,0.11888200000000004,0.0301,1.4593,99999,0.0001,0.0,1.1434695720672607,66.78082799911499,0.3325495719909668,68.25684714317322,68.25684714317322
51,PrivSketch,e=8,0.0024247330053001853,0.02575139100000354,0.0223776954,0.11266600000000004,0.0007,1.1267,99999,0.0002,0.0,1.4553213119506836,63.14275002479553,0.32501840591430664,64.92308974266052,64.92308974266052
52,PrivSketch,e=16,0.00239871946340013,0.025333995999991112,0.01909984340000001,0.09669,0.0003,0.6653,69069,0.0001,0.0,2.5057551860809326,64.95578622817993,0.3232409954071045,67.78478240966797,67.78478240966797
53,PrivSketch,e=32,0.002268864180200057,0.02441755199998866,0.017230429000000002,0.099606,0.0003,1.1263,99999,0.0001,0.0,2.4426639080047607,66.06422972679138,0.3239555358886719,68.83084917068481,68.83084917068481
54,PrivSketch,e=64,0.002394418049000116,0.02508804799999038,0.0125196194,0.08356999999999998,0.0003,1.0239,99999,0.0001,0.0,1.434934377670288,72.6008975505829,0.3178050518035889,74.35363698005676,74.35363698005676
55,PrivSketch,e=128,0.002497392205800155,0.02560359199999206,0.012666665800000004,0.08901399999999997,0.0003,1.1263,99999,0.0001,0.0,2.526409149169922,66.98407363891603,0.3134324550628662,69.82391524314879,69.82391524314879
56,PrivSketch,e=2,0.01187985878610022,0.08483623700000895,0.031359696400000005,0.12855999999999998,0.0692,0.7647,32638,0.0,0.0,1.3249199390411377,67.26229047775269,0.32210516929626465,68.9093155860901,68.9093155860901
57,PrivSketch,e=4,0.0032117173389996675,0.040872876000004735,0.015682868000000003,0.09980400000000003,0.0281,1.1995,99999,0.0006,0.0,1.2697081565856934,69.52275538444519,0.3100321292877197,71.10249567031859,71.10249567031859
58,PrivSketch,e=8,0.002245836954000215,0.02465893400000446,0.012979872000000005,0.08937200000000001,0.0007,0.7682,99999,0.0002,0.0,1.1300311088562012,69.53993821144104,0.3035976886749268,70.97356700897217,70.97356700897217
59,PrivSketch,e=16,0.002515850113000123,0.02600309799999324,0.0159469474,0.10001799999999998,0.0004,0.9215,72890,0.0001,0.0,1.1189098358154297,65.30249333381653,0.3141911029815674,66.73559427261354,66.73559427261354
60,PrivSketch,e=32,0.002490278682600132,0.02599070599999315,0.01892002900000001,0.092862,0.0004,0.9215,99999,0.0001,0.0,2.138247013092041,69.9895384311676,0.3034512996673584,72.431236743927,72.431236743927
61,PrivSketch,e=64,0.0023456106250001113,0.024612905999989408,0.015135120200000003,0.09362199999999997,0.0003,0.9214,61796,0.0001,0.0,1.5241963863372805,59.99495792388916,0.319411039352417,61.83856534957886,61.83856534957886
62,PrivSketch,e=128,0.002397248794600145,0.02505172799999024,0.01753783380000001,0.09816999999999997,0.0003,1.6383,99999,0.0001,0.0,1.1937968730926514,66.8720898628235,0.3041822910308838,68.37006902694702,68.37006902694702
63,PrivSketch,e=2,0.011243901994800135,0.08225667600001063,0.0281126574,0.12786599999999998,0.0683,1.0336,32638,0.0,0.0,1.7411189079284668,59.89000606536865,0.3013496398925781,61.932474613189704,61.932474613189704
64,PrivSketch,e=4,0.003464416015199635,0.04248394600000588,0.012441738400000004,0.08620400000000003,0.03,1.3559,99999,0.0003,0.0,1.1966936588287354,42.3117914199829,0.2955036163330078,43.803988695144646,43.803988695144646
65,PrivSketch,e=8,0.00231230072800018,0.025464094000003427,0.0174670152,0.09976799999999997,0.0007,0.8704,84426,0.0002,0.0,1.1656324863433838,42.02161622047424,0.29730844497680664,43.484557151794434,43.484557151794434
66,PrivSketch,e=16,0.002404011905000109,0.02574743399999252,0.020202486600000003,0.114446,0.0004,0.7167,99999,0.0001,0.0,1.134542465209961,40.36509203910828,0.2594180107116699,41.75905251502991,41.75905251502991
67,PrivSketch,e=32,0.0023512308490000818,0.024840399999990114,0.029577001800000002,0.11933400000000002,0.0003,1.0751,99999,0.0001,0.0,1.280918836593628,39.856070280075066,0.2883925437927246,41.42538166046143,41.42538166046143
68,PrivSketch,e=64,0.002366766362600109,0.02520899799999134,0.014671043400000004,0.091718,0.0003,1.2799,99999,0.0001,0.0,1.229799509048462,39.649940967559814,0.25949907302856445,41.13923954963685,41.13923954963685
69,PrivSketch,e=128,0.0024088360714001437,0.025020271999990094,0.017678326600000006,0.101182,0.0003,1.1263,99999,0.0001,0.0,1.2009189128875732,38.42469000816345,0.26006627082824707,39.88567519187927,39.88567519187927
